subID,cue,coherence,model,loss,sample_size,n_params,n1_neut,s1_neut,n2_neut,s2_neut,B,n1_cong,n1_incong,s1_cong,s1_incong,n2_cong,n2_incong,s2_cong,s2_incong
1,0.5,0.56,"diff noise1, min drift = -1",16059.760640565857,8962,5,-0.013326,1.137441,-0.280997,2.477058,2.295001,,,,,,,,
1,0.5,0.515,"diff noise1, min drift = -1",1.0265942978775713,3,5,2.750732,10.0,-1.0,5.199587,14.964676,,,,,,,,
1,0.5,0.52,"diff noise1, min drift = -1",124.66592965317213,87,5,3.983575,1.044491,5.872788,4.335529,14.656768,,,,,,,,
1,0.5,0.53,"diff noise1, min drift = -1",2703.9643536560566,1785,5,1.922024,2.731945,-0.532955,3.578618,6.856422,,,,,,,,
1,0.5,0.54,"diff noise1, min drift = -1",7033.848377283653,4058,5,-0.195853,1.004825,-0.345282,2.746222,2.760917,,,,,,,,
1,0.5,0.61,"diff noise1, min drift = -1",18603.77582872226,11972,5,0.080569,1.761232,-0.209465,2.697578,1.492197,,,,,,,,
1,0.65,0.515,"diff noise1, min drift = -1",37.172083372797246,59,9,,,,,14.448609,2.875539,3.10052,4.438487,10.0,3.954115,-1.0,4.318709,4.648182
1,0.65,0.52,"diff noise1, min drift = -1",472.83186398505427,502,9,,,,,12.898196,5.504095,6.700572,3.310699,2.846896,2.025741,1.569852,3.676769,3.677897
1,0.65,0.53,"diff noise1, min drift = -1",4501.252992673669,2885,9,,,,,5.379489,1.606931,2.125897,1.605908,1.536534,0.10116,0.632766,3.007683,2.884875
1,0.65,0.54,"diff noise1, min drift = -1",8163.224613590673,4911,9,,,,,2.550076,0.045412,0.264327,0.996169,-0.117757,-0.115512,0.242833,2.580338,-1.0
1,0.65,0.61,"diff noise1, min drift = -1",17813.92962152419,11973,9,,,,,1.46656,0.318224,0.154156,2.106937,-1.0,-0.020751,0.002183,2.937858,-1.0
1,0.8,0.515,"diff noise1, min drift = -1",305.8395509123482,431,9,,,,,13.280504,4.225473,4.187145,4.063342,3.681522,2.682119,3.833615,4.094263,3.78698
1,0.8,0.52,"diff noise1, min drift = -1",1765.1959697912232,1728,9,,,,,8.421537,3.166714,2.885805,2.531867,2.599574,1.553446,1.580022,2.943299,3.282544
1,0.8,0.53,"diff noise1, min drift = -1",6899.197850804765,5395,9,,,,,4.97477,1.92554,2.133504,1.410463,1.498656,0.324541,0.94656,2.659726,2.549581
1,0.8,0.54,"diff noise1, min drift = -1",9464.922726996785,6430,9,,,,,3.471503,1.083263,1.494164,1.260392,1.299494,-0.0621,0.339587,2.784645,2.8621
1,0.8,0.61,"diff noise1, min drift = -1",14990.64608942411,11986,9,,,,,1.52928,0.577598,0.462982,2.637715,-1.0,-0.079396,0.229318,3.407872,-1.0
2,0.5,0.56,"diff noise1, min drift = -1",16440.564820984106,9039,5,-0.030854,1.023954,-0.219392,2.332132,2.183671,,,,,,,,
2,0.5,0.52,"diff noise1, min drift = -1",191.95365841447145,103,5,4.729567,5.027455,1.929691,4.546665,14.839849,,,,,,,,
2,0.5,0.54,"diff noise1, min drift = -1",6735.876172752669,3976,5,-0.12283,0.941784,-0.314944,2.790661,2.809121,,,,,,,,
2,0.5,0.53,"diff noise1, min drift = -1",2610.9765329527745,1622,5,2.792636,3.395281,-0.138335,3.52552,8.384722,,,,,,,,
2,0.5,0.61,"diff noise1, min drift = -1",18455.61059242096,11966,5,0.078382,1.789207,-0.228442,2.707652,1.481499,,,,,,,,
2,0.65,0.56,"diff noise1, min drift = -1",16494.802436607395,9378,9,,,,,2.216512,0.16369,0.258162,1.465078,-0.544178,-0.111219,-0.004299,2.470529,-1.0
2,0.65,0.52,"diff noise1, min drift = -1",486.75951079164463,499,9,,,,,10.182041,2.772995,4.07965,4.264487,2.785199,1.282758,1.574196,3.428808,3.363166
2,0.65,0.54,"diff noise1, min drift = -1",8293.26509381541,4940,9,,,,,2.480456,-0.032919,0.185705,1.03271,-0.037267,-0.045861,0.299711,2.516387,-1.0
2,0.65,0.53,"diff noise1, min drift = -1",4248.1994385288035,2903,9,,,,,5.325831,1.548346,1.403691,1.559969,2.402157,0.230671,0.460478,2.951365,3.001068
2,0.65,0.61,"diff noise1, min drift = -1",18068.544107039612,11972,9,,,,,1.520525,0.352407,0.155948,2.073199,-1.0,-0.116396,0.033841,2.917561,-1.0
2,0.65,0.515,"diff noise1, min drift = -1",42.940538005750135,59,9,,,,,14.762119,2.871264,-1.0,5.448787,-0.881898,4.176367,10.0,4.091154,5.875583
2,0.8,0.56,"diff noise1, min drift = -1",15850.274648613991,10080,9,,,,,2.202906,0.407548,0.500475,1.48339,0.011178,-0.00661,0.227757,2.480436,-1.0
2,0.8,0.52,"diff noise1, min drift = -1",1845.2257202692435,1810,9,,,,,7.202809,2.023267,2.059134,2.672588,3.324315,1.199351,0.96269,2.967748,3.081433
2,0.8,0.54,"diff noise1, min drift = -1",9473.708310605121,6321,9,,,,,3.794233,1.373945,1.784695,1.349761,1.169687,0.031114,0.394974,2.714471,2.719874
2,0.8,0.53,"diff noise1, min drift = -1",6848.677214939632,5354,9,,,,,4.216446,1.097686,1.30433,1.463181,1.604948,0.400528,0.716216,2.593469,2.513065
2,0.8,0.61,"diff noise1, min drift = -1",15232.62306692737,11982,9,,,,,1.557398,0.625211,0.442146,2.592766,-1.0,-0.096504,0.150847,3.546038,-1.0
2,0.8,0.515,"diff noise1, min drift = -1",297.7400122097507,403,9,,,,,13.964017,4.319802,4.716462,4.754664,4.064201,3.177322,2.822535,3.89621,4.336622
3,0.5,0.56,"diff noise1, min drift = -1",16123.974487548408,8956,5,-0.025435,1.056289,-0.216744,2.391728,2.207364,,,,,,,,
3,0.5,0.52,"diff noise1, min drift = -1",152.83373424161041,84,5,3.572604,5.050836,1.090413,5.406444,14.605617,,,,,,,,
3,0.5,0.54,"diff noise1, min drift = -1",6998.565656587483,4081,5,-0.176758,1.143988,-0.454384,2.905988,2.942539,,,,,,,,
3,0.5,0.53,"diff noise1, min drift = -1",2452.2456916760666,1659,5,2.761621,2.783267,-0.274798,3.59496,7.89726,,,,,,,,
3,0.5,0.61,"diff noise1, min drift = -1",18490.271757777067,11961,5,0.074595,1.766062,-0.247072,2.810771,1.479657,,,,,,,,
3,0.65,0.56,"diff noise1, min drift = -1",16667.85332608047,9390,9,,,,,2.191429,0.158569,0.221086,1.432984,-0.577054,-0.140916,0.116678,2.443437,-1.0
3,0.65,0.52,"diff noise1, min drift = -1",363.7371223282557,452,9,,,,,13.105362,3.234312,4.76764,3.344456,1.516042,3.859867,4.677473,4.149584,3.670878
3,0.65,0.54,"diff noise1, min drift = -1",8217.850864992468,4904,9,,,,,2.467069,0.004395,0.184445,0.967618,-0.184572,-0.106126,0.264738,2.49384,-1.0
3,0.65,0.53,"diff noise1, min drift = -1",4187.052296947854,2843,9,,,,,6.201227,2.112532,2.470863,2.027639,2.19701,0.120045,0.872144,3.066537,2.988543
3,0.65,0.515,"diff noise1, min drift = -1",19.815149404568604,42,9,,,,,14.897342,2.102069,0.457767,3.094299,-1.0,6.319698,9.376177,4.396916,7.865068
3,0.65,0.61,"diff noise1, min drift = -1",17704.438480191046,11968,9,,,,,1.512525,0.331697,0.119622,2.227009,-1.0,-0.129014,0.07026,3.111828,-1.0
3,0.8,0.56,"diff noise1, min drift = -1",15721.944940325197,10038,9,,,,,2.172111,0.376305,0.584276,1.519785,-0.271498,-0.008323,0.263636,2.480875,-1.0
3,0.8,0.52,"diff noise1, min drift = -1",1817.5702795668142,1807,9,,,,,7.81088,2.360395,2.037729,2.783386,3.324866,1.515116,1.641301,2.987949,2.939106
3,0.8,0.54,"diff noise1, min drift = -1",9538.686992033081,6389,9,,,,,3.390347,0.980701,1.481005,1.256461,0.939092,0.000517,0.417631,2.763184,2.672936
3,0.8,0.53,"diff noise1, min drift = -1",6902.17738827589,5365,9,,,,,4.650808,1.625872,1.89062,1.342269,1.134891,0.364434,0.95694,2.646313,2.497673
3,0.8,0.515,"diff noise1, min drift = -1",352.87391983383094,420,9,,,,,12.055905,3.723181,4.265163,3.816612,2.51138,2.676776,2.88123,3.57122,3.583682
3,0.8,0.61,"diff noise1, min drift = -1",14687.254954677443,11967,9,,,,,1.522832,0.562821,0.444137,2.715466,-1.0,-0.100423,0.177905,3.575773,-1.0
4,0.5,0.56,"diff noise1, min drift = -1",15944.021314583913,8955,5,-0.009953,1.045965,-0.264394,2.436154,2.212417,,,,,,,,
4,0.5,0.53,"diff noise1, min drift = -1",2659.2434057348664,1720,5,2.937696,3.801018,-0.296087,3.628724,8.708367,,,,,,,,
4,0.5,0.54,"diff noise1, min drift = -1",6963.266573725441,4092,5,-0.13532,0.831668,-0.230678,2.74136,2.762407,,,,,,,,
4,0.5,0.52,"diff noise1, min drift = -1",140.87976604505795,98,5,-0.161128,6.863882,4.960673,4.850763,14.703859,,,,,,,,
4,0.5,0.61,"diff noise1, min drift = -1",18549.65020348539,11954,5,0.072208,1.744932,-0.204953,2.590524,1.462505,,,,,,,,
4,0.65,0.56,"diff noise1, min drift = -1",16459.956864239328,9316,9,,,,,2.134467,0.143418,0.203704,1.390131,-0.486014,-0.110369,0.0115,2.413017,-1.0
4,0.65,0.515,"diff noise1, min drift = -1",33.753337683515106,60,9,,,,,14.73872,3.986615,-1.0,4.110762,10.0,2.767212,0.786741,4.502446,7.250399
4,0.65,0.53,"diff noise1, min drift = -1",4261.634957390356,2880,9,,,,,6.261254,2.256904,2.475044,1.800135,2.40745,0.351302,0.466067,2.961439,3.099889
4,0.65,0.54,"diff noise1, min drift = -1",8209.485475695787,4836,9,,,,,2.4981,-0.009897,0.152097,0.945884,0.052016,0.022975,0.22284,2.490169,-1.0
4,0.65,0.52,"diff noise1, min drift = -1",459.0597184106158,477,9,,,,,9.873318,3.562899,3.201126,3.051071,3.372203,0.862833,1.809441,3.490442,3.600854
4,0.65,0.61,"diff noise1, min drift = -1",17774.682310024655,11961,9,,,,,1.479353,0.337947,0.165253,2.129623,-1.0,-0.066997,0.037714,3.180496,-1.0
4,0.8,0.56,"diff noise1, min drift = -1",15681.203110593578,9989,9,,,,,2.258277,0.433295,0.552035,1.543312,-0.000635,0.004453,0.207075,2.529614,-1.0
4,0.8,0.515,"diff noise1, min drift = -1",328.2049035367765,447,9,,,,,12.339817,3.236596,5.324367,3.107668,2.101611,3.200618,1.26347,3.995458,4.137381
4,0.8,0.53,"diff noise1, min drift = -1",6923.324635445791,5464,9,,,,,4.134664,1.043846,1.478364,1.42138,1.326143,0.309233,0.614558,2.643095,2.543218
4,0.8,0.54,"diff noise1, min drift = -1",9426.94731660133,6359,9,,,,,3.826257,1.434023,1.777708,1.340455,1.234827,-0.012261,0.399254,2.734217,2.662477
4,0.8,0.52,"diff noise1, min drift = -1",1812.3840385075293,1758,9,,,,,7.644,2.409772,2.44708,2.653477,3.140644,1.381344,1.131911,2.882818,2.925472
4,0.8,0.61,"diff noise1, min drift = -1",15341.596004798606,11973,9,,,,,1.53405,0.58605,0.422919,2.471911,-1.0,-0.050783,0.244283,3.538163,-1.0
5,0.5,0.56,"diff noise1, min drift = -1",8921.061386815873,4600,5,0.012188,0.852945,-0.191201,2.098397,2.040456,,,,,,,,
5,0.5,0.53,"diff noise1, min drift = -1",1882.1815320285916,1086,5,-0.267024,0.605693,-0.259123,3.022706,3.156948,,,,,,,,
5,0.5,0.54,"diff noise1, min drift = -1",4008.919117628297,2152,5,-0.090172,0.811054,-0.282242,2.577798,2.570006,,,,,,,,
5,0.5,0.515,"diff noise1, min drift = -1",2.2990995743054414,4,5,1.48457,-1.0,-1.0,4.575222,4.782938,,,,,,,,
5,0.5,0.52,"diff noise1, min drift = -1",159.32938706995728,78,5,5.921555,2.190153,3.367378,4.123315,14.792186,,,,,,,,
5,0.5,0.61,"diff noise1, min drift = -1",9606.935331831286,5985,5,0.068031,1.55514,-0.167103,2.372957,1.399913,,,,,,,,
5,0.65,0.56,"diff noise1, min drift = -1",8626.216716825802,4849,9,,,,,2.016586,0.212119,0.450592,1.347272,-0.372965,0.056331,0.619905,2.346523,-0.97445
5,0.65,0.53,"diff noise1, min drift = -1",2840.603702512907,2140,9,,,,,5.385862,1.645716,1.662744,1.881384,2.128937,0.320337,0.732692,2.842847,2.805874
5,0.65,0.54,"diff noise1, min drift = -1",5044.622580003126,2851,9,,,,,2.744273,0.207124,0.476605,1.304341,0.927391,0.078024,0.265304,2.567457,2.75351
5,0.65,0.515,"diff noise1, min drift = -1",25.620186449227575,53,9,,,,,13.925583,1.505139,5.301386,2.279561,4.472259,3.997829,3.059481,6.122943,3.750552
5,0.65,0.52,"diff noise1, min drift = -1",380.47738350341405,442,9,,,,,13.192195,3.419023,5.337153,4.507067,1.195136,3.36346,3.451122,3.772882,3.963405
5,0.65,0.61,"diff noise1, min drift = -1",8729.246223624594,5992,9,,,,,1.35789,0.413448,0.337967,2.087179,-1.0,0.029351,0.207453,2.766719,-1.0
5,0.8,0.56,"diff noise1, min drift = -1",7938.973270478495,5344,9,,,,,2.116404,0.59886,0.679533,1.753468,0.435832,0.136415,0.392196,2.39123,-0.201042
5,0.8,0.53,"diff noise1, min drift = -1",5453.486046050762,4363,9,,,,,3.936929,1.003873,1.204256,1.337679,1.373181,0.539932,0.941427,2.540304,2.291892
5,0.8,0.54,"diff noise1, min drift = -1",5418.095411352835,3969,9,,,,,4.02105,1.861876,2.045632,1.410191,1.118984,0.256386,0.715262,2.605993,2.61716
5,0.8,0.515,"diff noise1, min drift = -1",355.29541311669516,432,9,,,,,12.027488,3.637368,3.692372,2.80618,1.119513,3.340944,4.439691,3.707851,3.783453
5,0.8,0.52,"diff noise1, min drift = -1",1733.618729314771,1764,9,,,,,8.282315,2.881169,3.280549,2.671898,1.121881,1.484236,2.481372,3.055058,2.889051
5,0.8,0.61,"diff noise1, min drift = -1",6625.099528426038,5995,9,,,,,1.459996,0.864728,0.776362,2.764281,-0.832712,0.088006,0.563028,3.641658,-1.0
