subID,cue,coherence,model,parameter,fitted_value
1,0.5,0.56,"diff noise1, min drift = -1",n1_neut,-0.013326
1,0.5,0.56,"diff noise1, min drift = -1",s1_neut,1.137441
1,0.5,0.56,"diff noise1, min drift = -1",n2_neut,-0.280997
1,0.5,0.56,"diff noise1, min drift = -1",s2_neut,2.477058
1,0.5,0.56,"diff noise1, min drift = -1",B,2.295001
1,0.5,0.515,"diff noise1, min drift = -1",n1_neut,2.750732
1,0.5,0.515,"diff noise1, min drift = -1",s1_neut,10.0
1,0.5,0.515,"diff noise1, min drift = -1",n2_neut,-1.0
1,0.5,0.515,"diff noise1, min drift = -1",s2_neut,5.199587
1,0.5,0.515,"diff noise1, min drift = -1",B,14.964676
1,0.5,0.52,"diff noise1, min drift = -1",n1_neut,3.983575
1,0.5,0.52,"diff noise1, min drift = -1",s1_neut,1.044491
1,0.5,0.52,"diff noise1, min drift = -1",n2_neut,5.872788
1,0.5,0.52,"diff noise1, min drift = -1",s2_neut,4.335529
1,0.5,0.52,"diff noise1, min drift = -1",B,14.656768
1,0.5,0.53,"diff noise1, min drift = -1",n1_neut,1.922024
1,0.5,0.53,"diff noise1, min drift = -1",s1_neut,2.731945
1,0.5,0.53,"diff noise1, min drift = -1",n2_neut,-0.532955
1,0.5,0.53,"diff noise1, min drift = -1",s2_neut,3.578618
1,0.5,0.53,"diff noise1, min drift = -1",B,6.856422
1,0.5,0.54,"diff noise1, min drift = -1",n1_neut,-0.195853
1,0.5,0.54,"diff noise1, min drift = -1",s1_neut,1.004825
1,0.5,0.54,"diff noise1, min drift = -1",n2_neut,-0.345282
1,0.5,0.54,"diff noise1, min drift = -1",s2_neut,2.746222
1,0.5,0.54,"diff noise1, min drift = -1",B,2.760917
1,0.5,0.61,"diff noise1, min drift = -1",n1_neut,0.080569
1,0.5,0.61,"diff noise1, min drift = -1",s1_neut,1.761232
1,0.5,0.61,"diff noise1, min drift = -1",n2_neut,-0.209465
1,0.5,0.61,"diff noise1, min drift = -1",s2_neut,2.697578
1,0.5,0.61,"diff noise1, min drift = -1",B,1.492197
1,0.65,0.515,"diff noise1, min drift = -1",n1_cong,2.875539
1,0.65,0.515,"diff noise1, min drift = -1",n1_incong,3.10052
1,0.65,0.515,"diff noise1, min drift = -1",s1_cong,4.438487
1,0.65,0.515,"diff noise1, min drift = -1",s1_incong,10.0
1,0.65,0.515,"diff noise1, min drift = -1",n2_cong,3.954115
1,0.65,0.515,"diff noise1, min drift = -1",n2_incong,-1.0
1,0.65,0.515,"diff noise1, min drift = -1",s2_cong,4.318709
1,0.65,0.515,"diff noise1, min drift = -1",s2_incong,4.648182
1,0.65,0.515,"diff noise1, min drift = -1",B,14.448609
1,0.65,0.52,"diff noise1, min drift = -1",n1_cong,5.504095
1,0.65,0.52,"diff noise1, min drift = -1",n1_incong,6.700572
1,0.65,0.52,"diff noise1, min drift = -1",s1_cong,3.310699
1,0.65,0.52,"diff noise1, min drift = -1",s1_incong,2.846896
1,0.65,0.52,"diff noise1, min drift = -1",n2_cong,2.025741
1,0.65,0.52,"diff noise1, min drift = -1",n2_incong,1.569852
1,0.65,0.52,"diff noise1, min drift = -1",s2_cong,3.676769
1,0.65,0.52,"diff noise1, min drift = -1",s2_incong,3.677897
1,0.65,0.52,"diff noise1, min drift = -1",B,12.898196
1,0.65,0.53,"diff noise1, min drift = -1",n1_cong,1.606931
1,0.65,0.53,"diff noise1, min drift = -1",n1_incong,2.125897
1,0.65,0.53,"diff noise1, min drift = -1",s1_cong,1.605908
1,0.65,0.53,"diff noise1, min drift = -1",s1_incong,1.536534
1,0.65,0.53,"diff noise1, min drift = -1",n2_cong,0.10116
1,0.65,0.53,"diff noise1, min drift = -1",n2_incong,0.632766
1,0.65,0.53,"diff noise1, min drift = -1",s2_cong,3.007683
1,0.65,0.53,"diff noise1, min drift = -1",s2_incong,2.884875
1,0.65,0.53,"diff noise1, min drift = -1",B,5.379489
1,0.65,0.54,"diff noise1, min drift = -1",n1_cong,0.045412
1,0.65,0.54,"diff noise1, min drift = -1",n1_incong,0.264327
1,0.65,0.54,"diff noise1, min drift = -1",s1_cong,0.996169
1,0.65,0.54,"diff noise1, min drift = -1",s1_incong,-0.117757
1,0.65,0.54,"diff noise1, min drift = -1",n2_cong,-0.115512
1,0.65,0.54,"diff noise1, min drift = -1",n2_incong,0.242833
1,0.65,0.54,"diff noise1, min drift = -1",s2_cong,2.580338
1,0.65,0.54,"diff noise1, min drift = -1",s2_incong,-1.0
1,0.65,0.54,"diff noise1, min drift = -1",B,2.550076
1,0.65,0.61,"diff noise1, min drift = -1",n1_cong,0.318224
1,0.65,0.61,"diff noise1, min drift = -1",n1_incong,0.154156
1,0.65,0.61,"diff noise1, min drift = -1",s1_cong,2.106937
1,0.65,0.61,"diff noise1, min drift = -1",s1_incong,-1.0
1,0.65,0.61,"diff noise1, min drift = -1",n2_cong,-0.020751
1,0.65,0.61,"diff noise1, min drift = -1",n2_incong,0.002183
1,0.65,0.61,"diff noise1, min drift = -1",s2_cong,2.937858
1,0.65,0.61,"diff noise1, min drift = -1",s2_incong,-1.0
1,0.65,0.61,"diff noise1, min drift = -1",B,1.46656
1,0.8,0.515,"diff noise1, min drift = -1",n1_cong,4.225473
1,0.8,0.515,"diff noise1, min drift = -1",n1_incong,4.187145
1,0.8,0.515,"diff noise1, min drift = -1",s1_cong,4.063342
1,0.8,0.515,"diff noise1, min drift = -1",s1_incong,3.681522
1,0.8,0.515,"diff noise1, min drift = -1",n2_cong,2.682119
1,0.8,0.515,"diff noise1, min drift = -1",n2_incong,3.833615
1,0.8,0.515,"diff noise1, min drift = -1",s2_cong,4.094263
1,0.8,0.515,"diff noise1, min drift = -1",s2_incong,3.78698
1,0.8,0.515,"diff noise1, min drift = -1",B,13.280504
1,0.8,0.52,"diff noise1, min drift = -1",n1_cong,3.166714
1,0.8,0.52,"diff noise1, min drift = -1",n1_incong,2.885805
1,0.8,0.52,"diff noise1, min drift = -1",s1_cong,2.531867
1,0.8,0.52,"diff noise1, min drift = -1",s1_incong,2.599574
1,0.8,0.52,"diff noise1, min drift = -1",n2_cong,1.553446
1,0.8,0.52,"diff noise1, min drift = -1",n2_incong,1.580022
1,0.8,0.52,"diff noise1, min drift = -1",s2_cong,2.943299
1,0.8,0.52,"diff noise1, min drift = -1",s2_incong,3.282544
1,0.8,0.52,"diff noise1, min drift = -1",B,8.421537
1,0.8,0.53,"diff noise1, min drift = -1",n1_cong,1.92554
1,0.8,0.53,"diff noise1, min drift = -1",n1_incong,2.133504
1,0.8,0.53,"diff noise1, min drift = -1",s1_cong,1.410463
1,0.8,0.53,"diff noise1, min drift = -1",s1_incong,1.498656
1,0.8,0.53,"diff noise1, min drift = -1",n2_cong,0.324541
1,0.8,0.53,"diff noise1, min drift = -1",n2_incong,0.94656
1,0.8,0.53,"diff noise1, min drift = -1",s2_cong,2.659726
1,0.8,0.53,"diff noise1, min drift = -1",s2_incong,2.549581
1,0.8,0.53,"diff noise1, min drift = -1",B,4.97477
1,0.8,0.54,"diff noise1, min drift = -1",n1_cong,1.083263
1,0.8,0.54,"diff noise1, min drift = -1",n1_incong,1.494164
1,0.8,0.54,"diff noise1, min drift = -1",s1_cong,1.260392
1,0.8,0.54,"diff noise1, min drift = -1",s1_incong,1.299494
1,0.8,0.54,"diff noise1, min drift = -1",n2_cong,-0.0621
1,0.8,0.54,"diff noise1, min drift = -1",n2_incong,0.339587
1,0.8,0.54,"diff noise1, min drift = -1",s2_cong,2.784645
1,0.8,0.54,"diff noise1, min drift = -1",s2_incong,2.8621
1,0.8,0.54,"diff noise1, min drift = -1",B,3.471503
1,0.8,0.61,"diff noise1, min drift = -1",n1_cong,0.577598
1,0.8,0.61,"diff noise1, min drift = -1",n1_incong,0.462982
1,0.8,0.61,"diff noise1, min drift = -1",s1_cong,2.637715
1,0.8,0.61,"diff noise1, min drift = -1",s1_incong,-1.0
1,0.8,0.61,"diff noise1, min drift = -1",n2_cong,-0.079396
1,0.8,0.61,"diff noise1, min drift = -1",n2_incong,0.229318
1,0.8,0.61,"diff noise1, min drift = -1",s2_cong,3.407872
1,0.8,0.61,"diff noise1, min drift = -1",s2_incong,-1.0
1,0.8,0.61,"diff noise1, min drift = -1",B,1.52928
2,0.5,0.56,"diff noise1, min drift = -1",n1_neut,-0.030854
2,0.5,0.56,"diff noise1, min drift = -1",s1_neut,1.023954
2,0.5,0.56,"diff noise1, min drift = -1",n2_neut,-0.219392
2,0.5,0.56,"diff noise1, min drift = -1",s2_neut,2.332132
2,0.5,0.56,"diff noise1, min drift = -1",B,2.183671
2,0.5,0.52,"diff noise1, min drift = -1",n1_neut,4.729567
2,0.5,0.52,"diff noise1, min drift = -1",s1_neut,5.027455
2,0.5,0.52,"diff noise1, min drift = -1",n2_neut,1.929691
2,0.5,0.52,"diff noise1, min drift = -1",s2_neut,4.546665
2,0.5,0.52,"diff noise1, min drift = -1",B,14.839849
2,0.5,0.54,"diff noise1, min drift = -1",n1_neut,-0.12283
2,0.5,0.54,"diff noise1, min drift = -1",s1_neut,0.941784
2,0.5,0.54,"diff noise1, min drift = -1",n2_neut,-0.314944
2,0.5,0.54,"diff noise1, min drift = -1",s2_neut,2.790661
2,0.5,0.54,"diff noise1, min drift = -1",B,2.809121
2,0.5,0.53,"diff noise1, min drift = -1",n1_neut,2.792636
2,0.5,0.53,"diff noise1, min drift = -1",s1_neut,3.395281
2,0.5,0.53,"diff noise1, min drift = -1",n2_neut,-0.138335
2,0.5,0.53,"diff noise1, min drift = -1",s2_neut,3.52552
2,0.5,0.53,"diff noise1, min drift = -1",B,8.384722
2,0.5,0.61,"diff noise1, min drift = -1",n1_neut,0.078382
2,0.5,0.61,"diff noise1, min drift = -1",s1_neut,1.789207
2,0.5,0.61,"diff noise1, min drift = -1",n2_neut,-0.228442
2,0.5,0.61,"diff noise1, min drift = -1",s2_neut,2.707652
2,0.5,0.61,"diff noise1, min drift = -1",B,1.481499
2,0.65,0.56,"diff noise1, min drift = -1",n1_cong,0.16369
2,0.65,0.56,"diff noise1, min drift = -1",n1_incong,0.258162
2,0.65,0.56,"diff noise1, min drift = -1",s1_cong,1.465078
2,0.65,0.56,"diff noise1, min drift = -1",s1_incong,-0.544178
2,0.65,0.56,"diff noise1, min drift = -1",n2_cong,-0.111219
2,0.65,0.56,"diff noise1, min drift = -1",n2_incong,-0.004299
2,0.65,0.56,"diff noise1, min drift = -1",s2_cong,2.470529
2,0.65,0.56,"diff noise1, min drift = -1",s2_incong,-1.0
2,0.65,0.56,"diff noise1, min drift = -1",B,2.216512
2,0.65,0.52,"diff noise1, min drift = -1",n1_cong,2.772995
2,0.65,0.52,"diff noise1, min drift = -1",n1_incong,4.07965
2,0.65,0.52,"diff noise1, min drift = -1",s1_cong,4.264487
2,0.65,0.52,"diff noise1, min drift = -1",s1_incong,2.785199
2,0.65,0.52,"diff noise1, min drift = -1",n2_cong,1.282758
2,0.65,0.52,"diff noise1, min drift = -1",n2_incong,1.574196
2,0.65,0.52,"diff noise1, min drift = -1",s2_cong,3.428808
2,0.65,0.52,"diff noise1, min drift = -1",s2_incong,3.363166
2,0.65,0.52,"diff noise1, min drift = -1",B,10.182041
2,0.65,0.54,"diff noise1, min drift = -1",n1_cong,-0.032919
2,0.65,0.54,"diff noise1, min drift = -1",n1_incong,0.185705
2,0.65,0.54,"diff noise1, min drift = -1",s1_cong,1.03271
2,0.65,0.54,"diff noise1, min drift = -1",s1_incong,-0.037267
2,0.65,0.54,"diff noise1, min drift = -1",n2_cong,-0.045861
2,0.65,0.54,"diff noise1, min drift = -1",n2_incong,0.299711
2,0.65,0.54,"diff noise1, min drift = -1",s2_cong,2.516387
2,0.65,0.54,"diff noise1, min drift = -1",s2_incong,-1.0
2,0.65,0.54,"diff noise1, min drift = -1",B,2.480456
2,0.65,0.53,"diff noise1, min drift = -1",n1_cong,1.548346
2,0.65,0.53,"diff noise1, min drift = -1",n1_incong,1.403691
2,0.65,0.53,"diff noise1, min drift = -1",s1_cong,1.559969
2,0.65,0.53,"diff noise1, min drift = -1",s1_incong,2.402157
2,0.65,0.53,"diff noise1, min drift = -1",n2_cong,0.230671
2,0.65,0.53,"diff noise1, min drift = -1",n2_incong,0.460478
2,0.65,0.53,"diff noise1, min drift = -1",s2_cong,2.951365
2,0.65,0.53,"diff noise1, min drift = -1",s2_incong,3.001068
2,0.65,0.53,"diff noise1, min drift = -1",B,5.325831
2,0.65,0.61,"diff noise1, min drift = -1",n1_cong,0.352407
2,0.65,0.61,"diff noise1, min drift = -1",n1_incong,0.155948
2,0.65,0.61,"diff noise1, min drift = -1",s1_cong,2.073199
2,0.65,0.61,"diff noise1, min drift = -1",s1_incong,-1.0
2,0.65,0.61,"diff noise1, min drift = -1",n2_cong,-0.116396
2,0.65,0.61,"diff noise1, min drift = -1",n2_incong,0.033841
2,0.65,0.61,"diff noise1, min drift = -1",s2_cong,2.917561
2,0.65,0.61,"diff noise1, min drift = -1",s2_incong,-1.0
2,0.65,0.61,"diff noise1, min drift = -1",B,1.520525
2,0.65,0.515,"diff noise1, min drift = -1",n1_cong,2.871264
2,0.65,0.515,"diff noise1, min drift = -1",n1_incong,-1.0
2,0.65,0.515,"diff noise1, min drift = -1",s1_cong,5.448787
2,0.65,0.515,"diff noise1, min drift = -1",s1_incong,-0.881898
2,0.65,0.515,"diff noise1, min drift = -1",n2_cong,4.176367
2,0.65,0.515,"diff noise1, min drift = -1",n2_incong,10.0
2,0.65,0.515,"diff noise1, min drift = -1",s2_cong,4.091154
2,0.65,0.515,"diff noise1, min drift = -1",s2_incong,5.875583
2,0.65,0.515,"diff noise1, min drift = -1",B,14.762119
2,0.8,0.56,"diff noise1, min drift = -1",n1_cong,0.407548
2,0.8,0.56,"diff noise1, min drift = -1",n1_incong,0.500475
2,0.8,0.56,"diff noise1, min drift = -1",s1_cong,1.48339
2,0.8,0.56,"diff noise1, min drift = -1",s1_incong,0.011178
2,0.8,0.56,"diff noise1, min drift = -1",n2_cong,-0.00661
2,0.8,0.56,"diff noise1, min drift = -1",n2_incong,0.227757
2,0.8,0.56,"diff noise1, min drift = -1",s2_cong,2.480436
2,0.8,0.56,"diff noise1, min drift = -1",s2_incong,-1.0
2,0.8,0.56,"diff noise1, min drift = -1",B,2.202906
2,0.8,0.52,"diff noise1, min drift = -1",n1_cong,2.023267
2,0.8,0.52,"diff noise1, min drift = -1",n1_incong,2.059134
2,0.8,0.52,"diff noise1, min drift = -1",s1_cong,2.672588
2,0.8,0.52,"diff noise1, min drift = -1",s1_incong,3.324315
2,0.8,0.52,"diff noise1, min drift = -1",n2_cong,1.199351
2,0.8,0.52,"diff noise1, min drift = -1",n2_incong,0.96269
2,0.8,0.52,"diff noise1, min drift = -1",s2_cong,2.967748
2,0.8,0.52,"diff noise1, min drift = -1",s2_incong,3.081433
2,0.8,0.52,"diff noise1, min drift = -1",B,7.202809
2,0.8,0.54,"diff noise1, min drift = -1",n1_cong,1.373945
2,0.8,0.54,"diff noise1, min drift = -1",n1_incong,1.784695
2,0.8,0.54,"diff noise1, min drift = -1",s1_cong,1.349761
2,0.8,0.54,"diff noise1, min drift = -1",s1_incong,1.169687
2,0.8,0.54,"diff noise1, min drift = -1",n2_cong,0.031114
2,0.8,0.54,"diff noise1, min drift = -1",n2_incong,0.394974
2,0.8,0.54,"diff noise1, min drift = -1",s2_cong,2.714471
2,0.8,0.54,"diff noise1, min drift = -1",s2_incong,2.719874
2,0.8,0.54,"diff noise1, min drift = -1",B,3.794233
2,0.8,0.53,"diff noise1, min drift = -1",n1_cong,1.097686
2,0.8,0.53,"diff noise1, min drift = -1",n1_incong,1.30433
2,0.8,0.53,"diff noise1, min drift = -1",s1_cong,1.463181
2,0.8,0.53,"diff noise1, min drift = -1",s1_incong,1.604948
2,0.8,0.53,"diff noise1, min drift = -1",n2_cong,0.400528
2,0.8,0.53,"diff noise1, min drift = -1",n2_incong,0.716216
2,0.8,0.53,"diff noise1, min drift = -1",s2_cong,2.593469
2,0.8,0.53,"diff noise1, min drift = -1",s2_incong,2.513065
2,0.8,0.53,"diff noise1, min drift = -1",B,4.216446
2,0.8,0.61,"diff noise1, min drift = -1",n1_cong,0.625211
2,0.8,0.61,"diff noise1, min drift = -1",n1_incong,0.442146
2,0.8,0.61,"diff noise1, min drift = -1",s1_cong,2.592766
2,0.8,0.61,"diff noise1, min drift = -1",s1_incong,-1.0
2,0.8,0.61,"diff noise1, min drift = -1",n2_cong,-0.096504
2,0.8,0.61,"diff noise1, min drift = -1",n2_incong,0.150847
2,0.8,0.61,"diff noise1, min drift = -1",s2_cong,3.546038
2,0.8,0.61,"diff noise1, min drift = -1",s2_incong,-1.0
2,0.8,0.61,"diff noise1, min drift = -1",B,1.557398
2,0.8,0.515,"diff noise1, min drift = -1",n1_cong,4.319802
2,0.8,0.515,"diff noise1, min drift = -1",n1_incong,4.716462
2,0.8,0.515,"diff noise1, min drift = -1",s1_cong,4.754664
2,0.8,0.515,"diff noise1, min drift = -1",s1_incong,4.064201
2,0.8,0.515,"diff noise1, min drift = -1",n2_cong,3.177322
2,0.8,0.515,"diff noise1, min drift = -1",n2_incong,2.822535
2,0.8,0.515,"diff noise1, min drift = -1",s2_cong,3.89621
2,0.8,0.515,"diff noise1, min drift = -1",s2_incong,4.336622
2,0.8,0.515,"diff noise1, min drift = -1",B,13.964017
3,0.5,0.56,"diff noise1, min drift = -1",n1_neut,-0.025435
3,0.5,0.56,"diff noise1, min drift = -1",s1_neut,1.056289
3,0.5,0.56,"diff noise1, min drift = -1",n2_neut,-0.216744
3,0.5,0.56,"diff noise1, min drift = -1",s2_neut,2.391728
3,0.5,0.56,"diff noise1, min drift = -1",B,2.207364
3,0.5,0.52,"diff noise1, min drift = -1",n1_neut,3.572604
3,0.5,0.52,"diff noise1, min drift = -1",s1_neut,5.050836
3,0.5,0.52,"diff noise1, min drift = -1",n2_neut,1.090413
3,0.5,0.52,"diff noise1, min drift = -1",s2_neut,5.406444
3,0.5,0.52,"diff noise1, min drift = -1",B,14.605617
3,0.5,0.54,"diff noise1, min drift = -1",n1_neut,-0.176758
3,0.5,0.54,"diff noise1, min drift = -1",s1_neut,1.143988
3,0.5,0.54,"diff noise1, min drift = -1",n2_neut,-0.454384
3,0.5,0.54,"diff noise1, min drift = -1",s2_neut,2.905988
3,0.5,0.54,"diff noise1, min drift = -1",B,2.942539
3,0.5,0.53,"diff noise1, min drift = -1",n1_neut,2.761621
3,0.5,0.53,"diff noise1, min drift = -1",s1_neut,2.783267
3,0.5,0.53,"diff noise1, min drift = -1",n2_neut,-0.274798
3,0.5,0.53,"diff noise1, min drift = -1",s2_neut,3.59496
3,0.5,0.53,"diff noise1, min drift = -1",B,7.89726
3,0.5,0.61,"diff noise1, min drift = -1",n1_neut,0.074595
3,0.5,0.61,"diff noise1, min drift = -1",s1_neut,1.766062
3,0.5,0.61,"diff noise1, min drift = -1",n2_neut,-0.247072
3,0.5,0.61,"diff noise1, min drift = -1",s2_neut,2.810771
3,0.5,0.61,"diff noise1, min drift = -1",B,1.479657
3,0.65,0.56,"diff noise1, min drift = -1",n1_cong,0.158569
3,0.65,0.56,"diff noise1, min drift = -1",n1_incong,0.221086
3,0.65,0.56,"diff noise1, min drift = -1",s1_cong,1.432984
3,0.65,0.56,"diff noise1, min drift = -1",s1_incong,-0.577054
3,0.65,0.56,"diff noise1, min drift = -1",n2_cong,-0.140916
3,0.65,0.56,"diff noise1, min drift = -1",n2_incong,0.116678
3,0.65,0.56,"diff noise1, min drift = -1",s2_cong,2.443437
3,0.65,0.56,"diff noise1, min drift = -1",s2_incong,-1.0
3,0.65,0.56,"diff noise1, min drift = -1",B,2.191429
3,0.65,0.52,"diff noise1, min drift = -1",n1_cong,3.234312
3,0.65,0.52,"diff noise1, min drift = -1",n1_incong,4.76764
3,0.65,0.52,"diff noise1, min drift = -1",s1_cong,3.344456
3,0.65,0.52,"diff noise1, min drift = -1",s1_incong,1.516042
3,0.65,0.52,"diff noise1, min drift = -1",n2_cong,3.859867
3,0.65,0.52,"diff noise1, min drift = -1",n2_incong,4.677473
3,0.65,0.52,"diff noise1, min drift = -1",s2_cong,4.149584
3,0.65,0.52,"diff noise1, min drift = -1",s2_incong,3.670878
3,0.65,0.52,"diff noise1, min drift = -1",B,13.105362
3,0.65,0.54,"diff noise1, min drift = -1",n1_cong,0.004395
3,0.65,0.54,"diff noise1, min drift = -1",n1_incong,0.184445
3,0.65,0.54,"diff noise1, min drift = -1",s1_cong,0.967618
3,0.65,0.54,"diff noise1, min drift = -1",s1_incong,-0.184572
3,0.65,0.54,"diff noise1, min drift = -1",n2_cong,-0.106126
3,0.65,0.54,"diff noise1, min drift = -1",n2_incong,0.264738
3,0.65,0.54,"diff noise1, min drift = -1",s2_cong,2.49384
3,0.65,0.54,"diff noise1, min drift = -1",s2_incong,-1.0
3,0.65,0.54,"diff noise1, min drift = -1",B,2.467069
3,0.65,0.53,"diff noise1, min drift = -1",n1_cong,2.112532
3,0.65,0.53,"diff noise1, min drift = -1",n1_incong,2.470863
3,0.65,0.53,"diff noise1, min drift = -1",s1_cong,2.027639
3,0.65,0.53,"diff noise1, min drift = -1",s1_incong,2.19701
3,0.65,0.53,"diff noise1, min drift = -1",n2_cong,0.120045
3,0.65,0.53,"diff noise1, min drift = -1",n2_incong,0.872144
3,0.65,0.53,"diff noise1, min drift = -1",s2_cong,3.066537
3,0.65,0.53,"diff noise1, min drift = -1",s2_incong,2.988543
3,0.65,0.53,"diff noise1, min drift = -1",B,6.201227
3,0.65,0.515,"diff noise1, min drift = -1",n1_cong,2.102069
3,0.65,0.515,"diff noise1, min drift = -1",n1_incong,0.457767
3,0.65,0.515,"diff noise1, min drift = -1",s1_cong,3.094299
3,0.65,0.515,"diff noise1, min drift = -1",s1_incong,-1.0
3,0.65,0.515,"diff noise1, min drift = -1",n2_cong,6.319698
3,0.65,0.515,"diff noise1, min drift = -1",n2_incong,9.376177
3,0.65,0.515,"diff noise1, min drift = -1",s2_cong,4.396916
3,0.65,0.515,"diff noise1, min drift = -1",s2_incong,7.865068
3,0.65,0.515,"diff noise1, min drift = -1",B,14.897342
3,0.65,0.61,"diff noise1, min drift = -1",n1_cong,0.331697
3,0.65,0.61,"diff noise1, min drift = -1",n1_incong,0.119622
3,0.65,0.61,"diff noise1, min drift = -1",s1_cong,2.227009
3,0.65,0.61,"diff noise1, min drift = -1",s1_incong,-1.0
3,0.65,0.61,"diff noise1, min drift = -1",n2_cong,-0.129014
3,0.65,0.61,"diff noise1, min drift = -1",n2_incong,0.07026
3,0.65,0.61,"diff noise1, min drift = -1",s2_cong,3.111828
3,0.65,0.61,"diff noise1, min drift = -1",s2_incong,-1.0
3,0.65,0.61,"diff noise1, min drift = -1",B,1.512525
3,0.8,0.56,"diff noise1, min drift = -1",n1_cong,0.376305
3,0.8,0.56,"diff noise1, min drift = -1",n1_incong,0.584276
3,0.8,0.56,"diff noise1, min drift = -1",s1_cong,1.519785
3,0.8,0.56,"diff noise1, min drift = -1",s1_incong,-0.271498
3,0.8,0.56,"diff noise1, min drift = -1",n2_cong,-0.008323
3,0.8,0.56,"diff noise1, min drift = -1",n2_incong,0.263636
3,0.8,0.56,"diff noise1, min drift = -1",s2_cong,2.480875
3,0.8,0.56,"diff noise1, min drift = -1",s2_incong,-1.0
3,0.8,0.56,"diff noise1, min drift = -1",B,2.172111
3,0.8,0.52,"diff noise1, min drift = -1",n1_cong,2.360395
3,0.8,0.52,"diff noise1, min drift = -1",n1_incong,2.037729
3,0.8,0.52,"diff noise1, min drift = -1",s1_cong,2.783386
3,0.8,0.52,"diff noise1, min drift = -1",s1_incong,3.324866
3,0.8,0.52,"diff noise1, min drift = -1",n2_cong,1.515116
3,0.8,0.52,"diff noise1, min drift = -1",n2_incong,1.641301
3,0.8,0.52,"diff noise1, min drift = -1",s2_cong,2.987949
3,0.8,0.52,"diff noise1, min drift = -1",s2_incong,2.939106
3,0.8,0.52,"diff noise1, min drift = -1",B,7.81088
3,0.8,0.54,"diff noise1, min drift = -1",n1_cong,0.980701
3,0.8,0.54,"diff noise1, min drift = -1",n1_incong,1.481005
3,0.8,0.54,"diff noise1, min drift = -1",s1_cong,1.256461
3,0.8,0.54,"diff noise1, min drift = -1",s1_incong,0.939092
3,0.8,0.54,"diff noise1, min drift = -1",n2_cong,0.000517
3,0.8,0.54,"diff noise1, min drift = -1",n2_incong,0.417631
3,0.8,0.54,"diff noise1, min drift = -1",s2_cong,2.763184
3,0.8,0.54,"diff noise1, min drift = -1",s2_incong,2.672936
3,0.8,0.54,"diff noise1, min drift = -1",B,3.390347
3,0.8,0.53,"diff noise1, min drift = -1",n1_cong,1.625872
3,0.8,0.53,"diff noise1, min drift = -1",n1_incong,1.89062
3,0.8,0.53,"diff noise1, min drift = -1",s1_cong,1.342269
3,0.8,0.53,"diff noise1, min drift = -1",s1_incong,1.134891
3,0.8,0.53,"diff noise1, min drift = -1",n2_cong,0.364434
3,0.8,0.53,"diff noise1, min drift = -1",n2_incong,0.95694
3,0.8,0.53,"diff noise1, min drift = -1",s2_cong,2.646313
3,0.8,0.53,"diff noise1, min drift = -1",s2_incong,2.497673
3,0.8,0.53,"diff noise1, min drift = -1",B,4.650808
3,0.8,0.515,"diff noise1, min drift = -1",n1_cong,3.723181
3,0.8,0.515,"diff noise1, min drift = -1",n1_incong,4.265163
3,0.8,0.515,"diff noise1, min drift = -1",s1_cong,3.816612
3,0.8,0.515,"diff noise1, min drift = -1",s1_incong,2.51138
3,0.8,0.515,"diff noise1, min drift = -1",n2_cong,2.676776
3,0.8,0.515,"diff noise1, min drift = -1",n2_incong,2.88123
3,0.8,0.515,"diff noise1, min drift = -1",s2_cong,3.57122
3,0.8,0.515,"diff noise1, min drift = -1",s2_incong,3.583682
3,0.8,0.515,"diff noise1, min drift = -1",B,12.055905
3,0.8,0.61,"diff noise1, min drift = -1",n1_cong,0.562821
3,0.8,0.61,"diff noise1, min drift = -1",n1_incong,0.444137
3,0.8,0.61,"diff noise1, min drift = -1",s1_cong,2.715466
3,0.8,0.61,"diff noise1, min drift = -1",s1_incong,-1.0
3,0.8,0.61,"diff noise1, min drift = -1",n2_cong,-0.100423
3,0.8,0.61,"diff noise1, min drift = -1",n2_incong,0.177905
3,0.8,0.61,"diff noise1, min drift = -1",s2_cong,3.575773
3,0.8,0.61,"diff noise1, min drift = -1",s2_incong,-1.0
3,0.8,0.61,"diff noise1, min drift = -1",B,1.522832
4,0.5,0.56,"diff noise1, min drift = -1",n1_neut,-0.009953
4,0.5,0.56,"diff noise1, min drift = -1",s1_neut,1.045965
4,0.5,0.56,"diff noise1, min drift = -1",n2_neut,-0.264394
4,0.5,0.56,"diff noise1, min drift = -1",s2_neut,2.436154
4,0.5,0.56,"diff noise1, min drift = -1",B,2.212417
4,0.5,0.53,"diff noise1, min drift = -1",n1_neut,2.937696
4,0.5,0.53,"diff noise1, min drift = -1",s1_neut,3.801018
4,0.5,0.53,"diff noise1, min drift = -1",n2_neut,-0.296087
4,0.5,0.53,"diff noise1, min drift = -1",s2_neut,3.628724
4,0.5,0.53,"diff noise1, min drift = -1",B,8.708367
4,0.5,0.54,"diff noise1, min drift = -1",n1_neut,-0.13532
4,0.5,0.54,"diff noise1, min drift = -1",s1_neut,0.831668
4,0.5,0.54,"diff noise1, min drift = -1",n2_neut,-0.230678
4,0.5,0.54,"diff noise1, min drift = -1",s2_neut,2.74136
4,0.5,0.54,"diff noise1, min drift = -1",B,2.762407
4,0.5,0.52,"diff noise1, min drift = -1",n1_neut,-0.161128
4,0.5,0.52,"diff noise1, min drift = -1",s1_neut,6.863882
4,0.5,0.52,"diff noise1, min drift = -1",n2_neut,4.960673
4,0.5,0.52,"diff noise1, min drift = -1",s2_neut,4.850763
4,0.5,0.52,"diff noise1, min drift = -1",B,14.703859
4,0.5,0.61,"diff noise1, min drift = -1",n1_neut,0.072208
4,0.5,0.61,"diff noise1, min drift = -1",s1_neut,1.744932
4,0.5,0.61,"diff noise1, min drift = -1",n2_neut,-0.204953
4,0.5,0.61,"diff noise1, min drift = -1",s2_neut,2.590524
4,0.5,0.61,"diff noise1, min drift = -1",B,1.462505
4,0.65,0.56,"diff noise1, min drift = -1",n1_cong,0.143418
4,0.65,0.56,"diff noise1, min drift = -1",n1_incong,0.203704
4,0.65,0.56,"diff noise1, min drift = -1",s1_cong,1.390131
4,0.65,0.56,"diff noise1, min drift = -1",s1_incong,-0.486014
4,0.65,0.56,"diff noise1, min drift = -1",n2_cong,-0.110369
4,0.65,0.56,"diff noise1, min drift = -1",n2_incong,0.0115
4,0.65,0.56,"diff noise1, min drift = -1",s2_cong,2.413017
4,0.65,0.56,"diff noise1, min drift = -1",s2_incong,-1.0
4,0.65,0.56,"diff noise1, min drift = -1",B,2.134467
4,0.65,0.515,"diff noise1, min drift = -1",n1_cong,3.986615
4,0.65,0.515,"diff noise1, min drift = -1",n1_incong,-1.0
4,0.65,0.515,"diff noise1, min drift = -1",s1_cong,4.110762
4,0.65,0.515,"diff noise1, min drift = -1",s1_incong,10.0
4,0.65,0.515,"diff noise1, min drift = -1",n2_cong,2.767212
4,0.65,0.515,"diff noise1, min drift = -1",n2_incong,0.786741
4,0.65,0.515,"diff noise1, min drift = -1",s2_cong,4.502446
4,0.65,0.515,"diff noise1, min drift = -1",s2_incong,7.250399
4,0.65,0.515,"diff noise1, min drift = -1",B,14.73872
4,0.65,0.53,"diff noise1, min drift = -1",n1_cong,2.256904
4,0.65,0.53,"diff noise1, min drift = -1",n1_incong,2.475044
4,0.65,0.53,"diff noise1, min drift = -1",s1_cong,1.800135
4,0.65,0.53,"diff noise1, min drift = -1",s1_incong,2.40745
4,0.65,0.53,"diff noise1, min drift = -1",n2_cong,0.351302
4,0.65,0.53,"diff noise1, min drift = -1",n2_incong,0.466067
4,0.65,0.53,"diff noise1, min drift = -1",s2_cong,2.961439
4,0.65,0.53,"diff noise1, min drift = -1",s2_incong,3.099889
4,0.65,0.53,"diff noise1, min drift = -1",B,6.261254
4,0.65,0.54,"diff noise1, min drift = -1",n1_cong,-0.009897
4,0.65,0.54,"diff noise1, min drift = -1",n1_incong,0.152097
4,0.65,0.54,"diff noise1, min drift = -1",s1_cong,0.945884
4,0.65,0.54,"diff noise1, min drift = -1",s1_incong,0.052016
4,0.65,0.54,"diff noise1, min drift = -1",n2_cong,0.022975
4,0.65,0.54,"diff noise1, min drift = -1",n2_incong,0.22284
4,0.65,0.54,"diff noise1, min drift = -1",s2_cong,2.490169
4,0.65,0.54,"diff noise1, min drift = -1",s2_incong,-1.0
4,0.65,0.54,"diff noise1, min drift = -1",B,2.4981
4,0.65,0.52,"diff noise1, min drift = -1",n1_cong,3.562899
4,0.65,0.52,"diff noise1, min drift = -1",n1_incong,3.201126
4,0.65,0.52,"diff noise1, min drift = -1",s1_cong,3.051071
4,0.65,0.52,"diff noise1, min drift = -1",s1_incong,3.372203
4,0.65,0.52,"diff noise1, min drift = -1",n2_cong,0.862833
4,0.65,0.52,"diff noise1, min drift = -1",n2_incong,1.809441
4,0.65,0.52,"diff noise1, min drift = -1",s2_cong,3.490442
4,0.65,0.52,"diff noise1, min drift = -1",s2_incong,3.600854
4,0.65,0.52,"diff noise1, min drift = -1",B,9.873318
4,0.65,0.61,"diff noise1, min drift = -1",n1_cong,0.337947
4,0.65,0.61,"diff noise1, min drift = -1",n1_incong,0.165253
4,0.65,0.61,"diff noise1, min drift = -1",s1_cong,2.129623
4,0.65,0.61,"diff noise1, min drift = -1",s1_incong,-1.0
4,0.65,0.61,"diff noise1, min drift = -1",n2_cong,-0.066997
4,0.65,0.61,"diff noise1, min drift = -1",n2_incong,0.037714
4,0.65,0.61,"diff noise1, min drift = -1",s2_cong,3.180496
4,0.65,0.61,"diff noise1, min drift = -1",s2_incong,-1.0
4,0.65,0.61,"diff noise1, min drift = -1",B,1.479353
4,0.8,0.56,"diff noise1, min drift = -1",n1_cong,0.433295
4,0.8,0.56,"diff noise1, min drift = -1",n1_incong,0.552035
4,0.8,0.56,"diff noise1, min drift = -1",s1_cong,1.543312
4,0.8,0.56,"diff noise1, min drift = -1",s1_incong,-0.000635
4,0.8,0.56,"diff noise1, min drift = -1",n2_cong,0.004453
4,0.8,0.56,"diff noise1, min drift = -1",n2_incong,0.207075
4,0.8,0.56,"diff noise1, min drift = -1",s2_cong,2.529614
4,0.8,0.56,"diff noise1, min drift = -1",s2_incong,-1.0
4,0.8,0.56,"diff noise1, min drift = -1",B,2.258277
4,0.8,0.515,"diff noise1, min drift = -1",n1_cong,3.236596
4,0.8,0.515,"diff noise1, min drift = -1",n1_incong,5.324367
4,0.8,0.515,"diff noise1, min drift = -1",s1_cong,3.107668
4,0.8,0.515,"diff noise1, min drift = -1",s1_incong,2.101611
4,0.8,0.515,"diff noise1, min drift = -1",n2_cong,3.200618
4,0.8,0.515,"diff noise1, min drift = -1",n2_incong,1.26347
4,0.8,0.515,"diff noise1, min drift = -1",s2_cong,3.995458
4,0.8,0.515,"diff noise1, min drift = -1",s2_incong,4.137381
4,0.8,0.515,"diff noise1, min drift = -1",B,12.339817
4,0.8,0.53,"diff noise1, min drift = -1",n1_cong,1.043846
4,0.8,0.53,"diff noise1, min drift = -1",n1_incong,1.478364
4,0.8,0.53,"diff noise1, min drift = -1",s1_cong,1.42138
4,0.8,0.53,"diff noise1, min drift = -1",s1_incong,1.326143
4,0.8,0.53,"diff noise1, min drift = -1",n2_cong,0.309233
4,0.8,0.53,"diff noise1, min drift = -1",n2_incong,0.614558
4,0.8,0.53,"diff noise1, min drift = -1",s2_cong,2.643095
4,0.8,0.53,"diff noise1, min drift = -1",s2_incong,2.543218
4,0.8,0.53,"diff noise1, min drift = -1",B,4.134664
4,0.8,0.54,"diff noise1, min drift = -1",n1_cong,1.434023
4,0.8,0.54,"diff noise1, min drift = -1",n1_incong,1.777708
4,0.8,0.54,"diff noise1, min drift = -1",s1_cong,1.340455
4,0.8,0.54,"diff noise1, min drift = -1",s1_incong,1.234827
4,0.8,0.54,"diff noise1, min drift = -1",n2_cong,-0.012261
4,0.8,0.54,"diff noise1, min drift = -1",n2_incong,0.399254
4,0.8,0.54,"diff noise1, min drift = -1",s2_cong,2.734217
4,0.8,0.54,"diff noise1, min drift = -1",s2_incong,2.662477
4,0.8,0.54,"diff noise1, min drift = -1",B,3.826257
4,0.8,0.52,"diff noise1, min drift = -1",n1_cong,2.409772
4,0.8,0.52,"diff noise1, min drift = -1",n1_incong,2.44708
4,0.8,0.52,"diff noise1, min drift = -1",s1_cong,2.653477
4,0.8,0.52,"diff noise1, min drift = -1",s1_incong,3.140644
4,0.8,0.52,"diff noise1, min drift = -1",n2_cong,1.381344
4,0.8,0.52,"diff noise1, min drift = -1",n2_incong,1.131911
4,0.8,0.52,"diff noise1, min drift = -1",s2_cong,2.882818
4,0.8,0.52,"diff noise1, min drift = -1",s2_incong,2.925472
4,0.8,0.52,"diff noise1, min drift = -1",B,7.644
4,0.8,0.61,"diff noise1, min drift = -1",n1_cong,0.58605
4,0.8,0.61,"diff noise1, min drift = -1",n1_incong,0.422919
4,0.8,0.61,"diff noise1, min drift = -1",s1_cong,2.471911
4,0.8,0.61,"diff noise1, min drift = -1",s1_incong,-1.0
4,0.8,0.61,"diff noise1, min drift = -1",n2_cong,-0.050783
4,0.8,0.61,"diff noise1, min drift = -1",n2_incong,0.244283
4,0.8,0.61,"diff noise1, min drift = -1",s2_cong,3.538163
4,0.8,0.61,"diff noise1, min drift = -1",s2_incong,-1.0
4,0.8,0.61,"diff noise1, min drift = -1",B,1.53405
5,0.5,0.56,"diff noise1, min drift = -1",n1_neut,0.012188
5,0.5,0.56,"diff noise1, min drift = -1",s1_neut,0.852945
5,0.5,0.56,"diff noise1, min drift = -1",n2_neut,-0.191201
5,0.5,0.56,"diff noise1, min drift = -1",s2_neut,2.098397
5,0.5,0.56,"diff noise1, min drift = -1",B,2.040456
5,0.5,0.53,"diff noise1, min drift = -1",n1_neut,-0.267024
5,0.5,0.53,"diff noise1, min drift = -1",s1_neut,0.605693
5,0.5,0.53,"diff noise1, min drift = -1",n2_neut,-0.259123
5,0.5,0.53,"diff noise1, min drift = -1",s2_neut,3.022706
5,0.5,0.53,"diff noise1, min drift = -1",B,3.156948
5,0.5,0.54,"diff noise1, min drift = -1",n1_neut,-0.090172
5,0.5,0.54,"diff noise1, min drift = -1",s1_neut,0.811054
5,0.5,0.54,"diff noise1, min drift = -1",n2_neut,-0.282242
5,0.5,0.54,"diff noise1, min drift = -1",s2_neut,2.577798
5,0.5,0.54,"diff noise1, min drift = -1",B,2.570006
5,0.5,0.515,"diff noise1, min drift = -1",n1_neut,1.48457
5,0.5,0.515,"diff noise1, min drift = -1",s1_neut,-1.0
5,0.5,0.515,"diff noise1, min drift = -1",n2_neut,-1.0
5,0.5,0.515,"diff noise1, min drift = -1",s2_neut,4.575222
5,0.5,0.515,"diff noise1, min drift = -1",B,4.782938
5,0.5,0.52,"diff noise1, min drift = -1",n1_neut,5.921555
5,0.5,0.52,"diff noise1, min drift = -1",s1_neut,2.190153
5,0.5,0.52,"diff noise1, min drift = -1",n2_neut,3.367378
5,0.5,0.52,"diff noise1, min drift = -1",s2_neut,4.123315
5,0.5,0.52,"diff noise1, min drift = -1",B,14.792186
5,0.5,0.61,"diff noise1, min drift = -1",n1_neut,0.068031
5,0.5,0.61,"diff noise1, min drift = -1",s1_neut,1.55514
5,0.5,0.61,"diff noise1, min drift = -1",n2_neut,-0.167103
5,0.5,0.61,"diff noise1, min drift = -1",s2_neut,2.372957
5,0.5,0.61,"diff noise1, min drift = -1",B,1.399913
5,0.65,0.56,"diff noise1, min drift = -1",n1_cong,0.212119
5,0.65,0.56,"diff noise1, min drift = -1",n1_incong,0.450592
5,0.65,0.56,"diff noise1, min drift = -1",s1_cong,1.347272
5,0.65,0.56,"diff noise1, min drift = -1",s1_incong,-0.372965
5,0.65,0.56,"diff noise1, min drift = -1",n2_cong,0.056331
5,0.65,0.56,"diff noise1, min drift = -1",n2_incong,0.619905
5,0.65,0.56,"diff noise1, min drift = -1",s2_cong,2.346523
5,0.65,0.56,"diff noise1, min drift = -1",s2_incong,-0.97445
5,0.65,0.56,"diff noise1, min drift = -1",B,2.016586
5,0.65,0.53,"diff noise1, min drift = -1",n1_cong,1.645716
5,0.65,0.53,"diff noise1, min drift = -1",n1_incong,1.662744
5,0.65,0.53,"diff noise1, min drift = -1",s1_cong,1.881384
5,0.65,0.53,"diff noise1, min drift = -1",s1_incong,2.128937
5,0.65,0.53,"diff noise1, min drift = -1",n2_cong,0.320337
5,0.65,0.53,"diff noise1, min drift = -1",n2_incong,0.732692
5,0.65,0.53,"diff noise1, min drift = -1",s2_cong,2.842847
5,0.65,0.53,"diff noise1, min drift = -1",s2_incong,2.805874
5,0.65,0.53,"diff noise1, min drift = -1",B,5.385862
5,0.65,0.54,"diff noise1, min drift = -1",n1_cong,0.207124
5,0.65,0.54,"diff noise1, min drift = -1",n1_incong,0.476605
5,0.65,0.54,"diff noise1, min drift = -1",s1_cong,1.304341
5,0.65,0.54,"diff noise1, min drift = -1",s1_incong,0.927391
5,0.65,0.54,"diff noise1, min drift = -1",n2_cong,0.078024
5,0.65,0.54,"diff noise1, min drift = -1",n2_incong,0.265304
5,0.65,0.54,"diff noise1, min drift = -1",s2_cong,2.567457
5,0.65,0.54,"diff noise1, min drift = -1",s2_incong,2.75351
5,0.65,0.54,"diff noise1, min drift = -1",B,2.744273
5,0.65,0.515,"diff noise1, min drift = -1",n1_cong,1.505139
5,0.65,0.515,"diff noise1, min drift = -1",n1_incong,5.301386
5,0.65,0.515,"diff noise1, min drift = -1",s1_cong,2.279561
5,0.65,0.515,"diff noise1, min drift = -1",s1_incong,4.472259
5,0.65,0.515,"diff noise1, min drift = -1",n2_cong,3.997829
5,0.65,0.515,"diff noise1, min drift = -1",n2_incong,3.059481
5,0.65,0.515,"diff noise1, min drift = -1",s2_cong,6.122943
5,0.65,0.515,"diff noise1, min drift = -1",s2_incong,3.750552
5,0.65,0.515,"diff noise1, min drift = -1",B,13.925583
5,0.65,0.52,"diff noise1, min drift = -1",n1_cong,3.419023
5,0.65,0.52,"diff noise1, min drift = -1",n1_incong,5.337153
5,0.65,0.52,"diff noise1, min drift = -1",s1_cong,4.507067
5,0.65,0.52,"diff noise1, min drift = -1",s1_incong,1.195136
5,0.65,0.52,"diff noise1, min drift = -1",n2_cong,3.36346
5,0.65,0.52,"diff noise1, min drift = -1",n2_incong,3.451122
5,0.65,0.52,"diff noise1, min drift = -1",s2_cong,3.772882
5,0.65,0.52,"diff noise1, min drift = -1",s2_incong,3.963405
5,0.65,0.52,"diff noise1, min drift = -1",B,13.192195
5,0.65,0.61,"diff noise1, min drift = -1",n1_cong,0.413448
5,0.65,0.61,"diff noise1, min drift = -1",n1_incong,0.337967
5,0.65,0.61,"diff noise1, min drift = -1",s1_cong,2.087179
5,0.65,0.61,"diff noise1, min drift = -1",s1_incong,-1.0
5,0.65,0.61,"diff noise1, min drift = -1",n2_cong,0.029351
5,0.65,0.61,"diff noise1, min drift = -1",n2_incong,0.207453
5,0.65,0.61,"diff noise1, min drift = -1",s2_cong,2.766719
5,0.65,0.61,"diff noise1, min drift = -1",s2_incong,-1.0
5,0.65,0.61,"diff noise1, min drift = -1",B,1.35789
5,0.8,0.56,"diff noise1, min drift = -1",n1_cong,0.59886
5,0.8,0.56,"diff noise1, min drift = -1",n1_incong,0.679533
5,0.8,0.56,"diff noise1, min drift = -1",s1_cong,1.753468
5,0.8,0.56,"diff noise1, min drift = -1",s1_incong,0.435832
5,0.8,0.56,"diff noise1, min drift = -1",n2_cong,0.136415
5,0.8,0.56,"diff noise1, min drift = -1",n2_incong,0.392196
5,0.8,0.56,"diff noise1, min drift = -1",s2_cong,2.39123
5,0.8,0.56,"diff noise1, min drift = -1",s2_incong,-0.201042
5,0.8,0.56,"diff noise1, min drift = -1",B,2.116404
5,0.8,0.53,"diff noise1, min drift = -1",n1_cong,1.003873
5,0.8,0.53,"diff noise1, min drift = -1",n1_incong,1.204256
5,0.8,0.53,"diff noise1, min drift = -1",s1_cong,1.337679
5,0.8,0.53,"diff noise1, min drift = -1",s1_incong,1.373181
5,0.8,0.53,"diff noise1, min drift = -1",n2_cong,0.539932
5,0.8,0.53,"diff noise1, min drift = -1",n2_incong,0.941427
5,0.8,0.53,"diff noise1, min drift = -1",s2_cong,2.540304
5,0.8,0.53,"diff noise1, min drift = -1",s2_incong,2.291892
5,0.8,0.53,"diff noise1, min drift = -1",B,3.936929
5,0.8,0.54,"diff noise1, min drift = -1",n1_cong,1.861876
5,0.8,0.54,"diff noise1, min drift = -1",n1_incong,2.045632
5,0.8,0.54,"diff noise1, min drift = -1",s1_cong,1.410191
5,0.8,0.54,"diff noise1, min drift = -1",s1_incong,1.118984
5,0.8,0.54,"diff noise1, min drift = -1",n2_cong,0.256386
5,0.8,0.54,"diff noise1, min drift = -1",n2_incong,0.715262
5,0.8,0.54,"diff noise1, min drift = -1",s2_cong,2.605993
5,0.8,0.54,"diff noise1, min drift = -1",s2_incong,2.61716
5,0.8,0.54,"diff noise1, min drift = -1",B,4.02105
5,0.8,0.515,"diff noise1, min drift = -1",n1_cong,3.637368
5,0.8,0.515,"diff noise1, min drift = -1",n1_incong,3.692372
5,0.8,0.515,"diff noise1, min drift = -1",s1_cong,2.80618
5,0.8,0.515,"diff noise1, min drift = -1",s1_incong,1.119513
5,0.8,0.515,"diff noise1, min drift = -1",n2_cong,3.340944
5,0.8,0.515,"diff noise1, min drift = -1",n2_incong,4.439691
5,0.8,0.515,"diff noise1, min drift = -1",s2_cong,3.707851
5,0.8,0.515,"diff noise1, min drift = -1",s2_incong,3.783453
5,0.8,0.515,"diff noise1, min drift = -1",B,12.027488
5,0.8,0.52,"diff noise1, min drift = -1",n1_cong,2.881169
5,0.8,0.52,"diff noise1, min drift = -1",n1_incong,3.280549
5,0.8,0.52,"diff noise1, min drift = -1",s1_cong,2.671898
5,0.8,0.52,"diff noise1, min drift = -1",s1_incong,1.121881
5,0.8,0.52,"diff noise1, min drift = -1",n2_cong,1.484236
5,0.8,0.52,"diff noise1, min drift = -1",n2_incong,2.481372
5,0.8,0.52,"diff noise1, min drift = -1",s2_cong,3.055058
5,0.8,0.52,"diff noise1, min drift = -1",s2_incong,2.889051
5,0.8,0.52,"diff noise1, min drift = -1",B,8.282315
5,0.8,0.61,"diff noise1, min drift = -1",n1_cong,0.864728
5,0.8,0.61,"diff noise1, min drift = -1",n1_incong,0.776362
5,0.8,0.61,"diff noise1, min drift = -1",s1_cong,2.764281
5,0.8,0.61,"diff noise1, min drift = -1",s1_incong,-0.832712
5,0.8,0.61,"diff noise1, min drift = -1",n2_cong,0.088006
5,0.8,0.61,"diff noise1, min drift = -1",n2_incong,0.563028
5,0.8,0.61,"diff noise1, min drift = -1",s2_cong,3.641658
5,0.8,0.61,"diff noise1, min drift = -1",s2_incong,-1.0
5,0.8,0.61,"diff noise1, min drift = -1",B,1.459996
